{
  "creds": {
    "noiseKey": {
      "private": {
        "type": "Buffer",
        "data": "mLy8bLqyLKHZVoraTk6/7MyibgN9aHK/GFZc9m9rxUM="
      },
      "public": {
        "type": "Buffer",
        "data": "RcHIc556e27ZHqCALjuuAWivII/bSthBto3bWKht/FI="
      }
    },
    "signedIdentityKey": {
      "private": {
        "type": "Buffer",
        "data": "+KyK7D1PPJtkbGnhy7NzdVTDCNfoaBAw1XGWHX8zklA="
      },
      "public": {
        "type": "Buffer",
        "data": "fOBYYs/ZeEY4lJFT9bR9O9aDmFVXhVgK1ZqUYQHw7EI="
      }
    },
    "signedPreKey": {
      "keyPair": {
        "private": {
          "type": "Buffer",
          "data": "4CVPfJj2gDMglV1LaN7aK1b2WIep+MJG4tk5SBEAWGg="
        },
        "public": {
          "type": "Buffer",
          "data": "IxdvC6Mx4mfJze806a+9dPZcwb4Y5hGIBC42zd7KwC8="
        }
      },
      "signature": {
        "type": "Buffer",
        "data": "wkjmPklDXbcxJvQG2G91FijzCHvmg6BcPvD7A7lUQCVoyhYhJe36xGcbEoS5Ivjh9XN2UbHXJ3KdKJxUq4npiw=="
      },
      "keyId": 1
    },
    "registrationId": 251,
    "advSecretKey": "41tYkyl705RaH3zhadNkcjAAlPA5VXAqCbi0LQ/vUMA=",
    "processedHistoryMessages": [
      {
        "key": {
          "remoteJid": "6287883984267@s.whatsapp.net",
          "fromMe": true,
          "id": "0042C1D57838140C11997AED910F6E62"
        },
        "messageTimestamp": 1671024740
      }
    ],
    "nextPreKeyId": 32,
    "firstUnuploadedPreKeyId": 32,
    "accountSettings": {
      "unarchiveChats": false
    },
    "account": {
      "details": "CML7v8YHENyg55wGGAE=",
      "accountSignatureKey": "oDJME118OkpqugiGPYuirFkOeMPVtggaO7cmougZyjo=",
      "accountSignature": "lqn06WRImZzXfn36fk9lshJe3O63i4tW8FqEkeSgCYqSJnvM+/2XDpZsEl18Ke6VBJXABYSbfJmfYGVC2krLBw==",
      "deviceSignature": "57v5jSRiNklDfNck8uYNktE4YxD5Jte/PB61PgKHB86Iu0usi74R6JGK54lCAEXy/qP4aL0hegwhrxp0hTdDgw=="
    },
    "me": {
      "id": "6287883984267:9@s.whatsapp.net",
      "name": "Rick"
    },
    "signalIdentities": [
      {
        "identifier": {
          "name": "6287883984267:9@s.whatsapp.net",
          "deviceId": 0
        },
        "identifierKey": {
          "type": "Buffer",
          "data": "BaAyTBNdfDpKaroIhj2LoqxZDnjD1bYIGju3JqLoGco6"
        }
      }
    ],
    "platform": "android",
    "lastAccountSyncTimestamp": 1671024895
  },
  "keys": {
    "preKeys": {
      "1": {
        "private": {
          "type": "Buffer",
          "data": "CLNBsy9RdwaHSBSKsfzXbJ+LkZKOlu4KmjR+Fm+FyUE="
        },
        "public": {
          "type": "Buffer",
          "data": "GZxTRUc2ZqNdvrjKDn0PLPK33PDPmvApWmOI0fTeSW0="
        }
      },
      "2": {
        "private": {
          "type": "Buffer",
          "data": "6NFTdGo6F+DvCkgLhPKStaxwruIHXc2Oh0GCJdy/+1k="
        },
        "public": {
          "type": "Buffer",
          "data": "hMSIVQLaJtBkjidLJ2EHIXjP7TEiBpZG+hMJw/hPjXI="
        }
      },
      "3": {
        "private": {
          "type": "Buffer",
          "data": "QMujuKffJlyNT6rc/Zh+ugGTYqz1aLnDGgfERld8YXQ="
        },
        "public": {
          "type": "Buffer",
          "data": "yboXkkBFV+v8bxUlUYKhtk2bdrG7qnpo0z4irPdfSns="
        }
      },
      "4": null,
      "5": {
        "private": {
          "type": "Buffer",
          "data": "cLwb7tC5f2FQviQGvFr3Jpq0vsnKySrxKJz5FmPBDlo="
        },
        "public": {
          "type": "Buffer",
          "data": "GYtSodDaNkPgASvgPQ9WUqMhLZvkUGBPqFwciF5Giyw="
        }
      },
      "6": {
        "private": {
          "type": "Buffer",
          "data": "6A7qTSkeZkCNSFhOtzF1oRvZkQI326hGCmtDehTTqXA="
        },
        "public": {
          "type": "Buffer",
          "data": "GkNKl7Baq9sXnzkSh+WpWBHzxjDnPiS5Cb5UK/vgXTY="
        }
      },
      "7": {
        "private": {
          "type": "Buffer",
          "data": "aApjBenKwolHOTQ+x1xqNYUH5PZVP8ug+2bZTDa1JWA="
        },
        "public": {
          "type": "Buffer",
          "data": "IFX9QWqujsrRClAeEwqA7I4vPJtR48Kanp2rUV6PLzU="
        }
      },
      "8": {
        "private": {
          "type": "Buffer",
          "data": "ML7I9O0dlJIHI55Vq0fhp8INA5i1Fffj6CXoQL9kI1A="
        },
        "public": {
          "type": "Buffer",
          "data": "zIB16k8CJDsSBw2MEPECkf8nGqiSVv6H88PHVDxB8Uo="
        }
      },
      "9": null,
      "10": {
        "private": {
          "type": "Buffer",
          "data": "GIMq9Wd4F/YavAJM0vth28NDyaUPcu7LI4C8BAGC13g="
        },
        "public": {
          "type": "Buffer",
          "data": "XQCgwJVY4ydnxW/XHsnuX3QTngHw5D1IU5D/Don1sF8="
        }
      },
      "11": {
        "private": {
          "type": "Buffer",
          "data": "wDeu7jq3Q9ZKZxiq1+3pbIdf0cHga1yVdKQbyY9Ifko="
        },
        "public": {
          "type": "Buffer",
          "data": "EaIyO5rMUslt8012HePzyM2NU3J9lPCdPmiWrTJnOzk="
        }
      },
      "12": {
        "private": {
          "type": "Buffer",
          "data": "qP+/km3595w8s6oe8vB8Y+fpuoFkc7tI8iuSdxWop3A="
        },
        "public": {
          "type": "Buffer",
          "data": "BROYAln4EUpehiiQBwfFHKQltWG/1we6itK0xfJLkls="
        }
      },
      "13": {
        "private": {
          "type": "Buffer",
          "data": "sEdtKQ1uArjze3l2kw1N4Mah8Bz7+qDNoH9LQyzLWlw="
        },
        "public": {
          "type": "Buffer",
          "data": "45m4PWXO2Q/JB9sB89A0NvqO/QIzLJa1rXQqzkypYys="
        }
      },
      "14": null,
      "15": {
        "private": {
          "type": "Buffer",
          "data": "sN5izcdCfsUFhWzVuj5Ht9SsbawRkeK1itzArba/kk4="
        },
        "public": {
          "type": "Buffer",
          "data": "K7o6Q8PQsZRR/a2/8BbGAb6moJQNJfgtj57KZpVBvWk="
        }
      },
      "16": {
        "private": {
          "type": "Buffer",
          "data": "8JbwONMZs3eGYZMsuaoOSvIlCmJw7wJ4kDIfi9ZqQ0Q="
        },
        "public": {
          "type": "Buffer",
          "data": "AoVAYtB65AmM0hWoa2LWS6B2pY7H4dKYrNDYbWEbumM="
        }
      },
      "17": {
        "private": {
          "type": "Buffer",
          "data": "SA8e1FcCOBAFpOxkslfGAlIMKeNllGPXyRT7K+s4nG4="
        },
        "public": {
          "type": "Buffer",
          "data": "1/SypmPU+fAhqVD3nT5no19MVy7SE2R4i3VC3uhR1EI="
        }
      },
      "18": {
        "private": {
          "type": "Buffer",
          "data": "2JzGhGlxm4ypRLBCyR69aEElzrgHAgddgksPsaU3Tks="
        },
        "public": {
          "type": "Buffer",
          "data": "JUW/0jMBz/6/f+Njx1fCnJ1+p17QexBu6BAKz+nbcBU="
        }
      },
      "19": {
        "private": {
          "type": "Buffer",
          "data": "yJgVtZdb0bSSUHq0grBNP2d8HpFcsJEDzcBTGKvHtWc="
        },
        "public": {
          "type": "Buffer",
          "data": "uPQb85Kbm8itgetV/1s2d/UnsKgbvtXWBMay6OwvzFw="
        }
      },
      "20": {
        "private": {
          "type": "Buffer",
          "data": "2AYYL8XtAmPd8WNt9VJJ1zE/3ONpHw61pXUDmPKU6GI="
        },
        "public": {
          "type": "Buffer",
          "data": "tnlfVIQW/Pc0PRFO80Y6vtW7cJShme8irbUF7wLvfQ4="
        }
      },
      "21": {
        "private": {
          "type": "Buffer",
          "data": "UNW5n2ZPBoocaVZ6/pg2NpuYNAQIh3iSclZbOvLkp0w="
        },
        "public": {
          "type": "Buffer",
          "data": "N6yYMW72lNvFniRMB7cSwKhqGdLvFtnAlZ9rLC6WWmo="
        }
      },
      "22": {
        "private": {
          "type": "Buffer",
          "data": "EByG4VQMqJaQFOkbODHa8Z3JaYpMCVEBuW9WX+9Fb0Y="
        },
        "public": {
          "type": "Buffer",
          "data": "V0wTcXmoxBJdyR1xHp+RgDm4Qx4vofHwKtBjWOuM7R8="
        }
      },
      "23": {
        "private": {
          "type": "Buffer",
          "data": "kOSq+4eX5ETJpohDMyLMp9mLUlINRIvvZm0Jpcpb4mU="
        },
        "public": {
          "type": "Buffer",
          "data": "gbm2xzjelA2urAw0VATNT2+YG44EaYPTjradlWK7aQQ="
        }
      },
      "24": {
        "private": {
          "type": "Buffer",
          "data": "8LbjgByudaYueYNfJ3DIkcUOZF57TuyYJTNxbngBVkY="
        },
        "public": {
          "type": "Buffer",
          "data": "IxAf4plML3XOUFuDxUciWy3gbPlhUvtIlchdIms04m4="
        }
      },
      "25": {
        "private": {
          "type": "Buffer",
          "data": "wJJ+njLWVkd3WXo28FkWOAZV1HeYCCcAoQLAIGiXZ2I="
        },
        "public": {
          "type": "Buffer",
          "data": "FoobFDmAf011zGr3GKSMerckHljvNMAnjJZ513zDPDg="
        }
      },
      "26": {
        "private": {
          "type": "Buffer",
          "data": "OJRT0p0hRAgBzE5IpLwdFY3guKkEExvqqTckk4zqHWc="
        },
        "public": {
          "type": "Buffer",
          "data": "Dbs0jCaXue8sa/urkg6ncZio9u+lLbXEScDcZKkl300="
        }
      },
      "27": {
        "private": {
          "type": "Buffer",
          "data": "KC0YAafiqzcbJhowNnZVq7rXvhuumJovYGL2YWMiLnk="
        },
        "public": {
          "type": "Buffer",
          "data": "AVnUV7pi0wBqeulUjH0ykNV2Yurt6JYNaA8gdCxbm2Q="
        }
      },
      "28": {
        "private": {
          "type": "Buffer",
          "data": "GHXNbZJqIfUvQ4wloQEvW1kUr3XHKMicIZB6Szt2N1k="
        },
        "public": {
          "type": "Buffer",
          "data": "tVlekdYJuzdYAcyYsWtStGoOm8Z2fimhdO5zWRcdLiE="
        }
      },
      "29": {
        "private": {
          "type": "Buffer",
          "data": "MPZMZhm5rJWzlyWSoHrh9ILX/DI2S7RNZckuhSPMg3U="
        },
        "public": {
          "type": "Buffer",
          "data": "gOaScHrzJxCIvTGsTm3Wq0lpiYeE1s3ESWY5jD8u+TM="
        }
      },
      "30": {
        "private": {
          "type": "Buffer",
          "data": "YKcMUwyDPzkg30V+uupmNQGA9vMokiekyJhv8TKfZFE="
        },
        "public": {
          "type": "Buffer",
          "data": "CrHJU5EkWSInAEA/iPSff07/JAAjvepz1BMNzBKx9Hk="
        }
      },
      "31": null
    },
    "sessions": {
      "6287883984267.0": {
        "_sessions": {
          "BUVj7B2/D+3ylsBzOewt+cwxSDjIcQG97rjRq9J3JLhV": {
            "registrationId": 1233196957,
            "currentRatchet": {
              "ephemeralKeyPair": {
                "pubKey": "BQwKui+S/37cS0+I92AFOqH9SBFs86eiwPLOTHIGLdtt",
                "privKey": "sI363fR5//IZPUuelleavzww+ou805eqdCd9675u6V8="
              },
              "lastRemoteEphemeralKey": "BQ14LqNnvmNpoLNwpGN1yua76Br1w0xOK0Ba5H3ppsU1",
              "previousCounter": 0,
              "rootKey": "GXPqI6QVsR6n5cCW5o/CAv22/5Rc/j+R3UBEUkKn6Bo="
            },
            "indexInfo": {
              "baseKey": "BUVj7B2/D+3ylsBzOewt+cwxSDjIcQG97rjRq9J3JLhV",
              "baseKeyType": 2,
              "closed": -1,
              "used": 1671024739853,
              "created": 1671024739853,
              "remoteIdentityKey": "BaAyTBNdfDpKaroIhj2LoqxZDnjD1bYIGju3JqLoGco6"
            },
            "_chains": {
              "BQ14LqNnvmNpoLNwpGN1yua76Br1w0xOK0Ba5H3ppsU1": {
                "chainKey": {
                  "counter": 7,
                  "key": "jhfH3kpStp6Iw5LiJACtJbIXIg4+O2VO1W6B1TMYVjY="
                },
                "chainType": 2,
                "messageKeys": {}
              },
              "BQwKui+S/37cS0+I92AFOqH9SBFs86eiwPLOTHIGLdtt": {
                "chainKey": {
                  "counter": 171,
                  "key": "F3noHg8GrcPMQbU+Zs95nV/uhw0vBqLmdfre0bzeglI="
                },
                "chainType": 1,
                "messageKeys": {}
              }
            }
          }
        },
        "version": "v1"
      },
      "6283173888147.0": {
        "_sessions": {
          "BYYXMqBO/hJd40kfB9Sf6fYmPBgBGkWPp8vi+C1KXH1R": {
            "registrationId": 1258852617,
            "currentRatchet": {
              "ephemeralKeyPair": {
                "pubKey": "BdijnKU0IGsHVSEb63zb/YMtzu1dVM6Atb0U766IIP4n",
                "privKey": "8LlIoqwjxSzqOHEjrqhOpYnk6p+pJLJAtkXV/XahT08="
              },
              "lastRemoteEphemeralKey": "BZIC9iVQCcuvHLcRosmlKYZyRCVsHckR5uAXtDm4p8oo",
              "previousCounter": 0,
              "rootKey": "LqTrQZOVXkJndY1Jj7YtuFA4GLsGK1rhXxjZ30abX04="
            },
            "indexInfo": {
              "baseKey": "BYYXMqBO/hJd40kfB9Sf6fYmPBgBGkWPp8vi+C1KXH1R",
              "baseKeyType": 2,
              "closed": -1,
              "used": 1671095637271,
              "created": 1671024903923,
              "remoteIdentityKey": "BVrfQ+bi5zaGBnM+KLNoRUSCA/GzgdOKOt7TpoTEa65C"
            },
            "_chains": {
              "Ba8sEGlZ5CJNBFM/95OlQJVIoMAC4OZiRf/qWC5PkJR0": {
                "chainKey": {
                  "counter": 2
                },
                "chainType": 2,
                "messageKeys": {}
              },
              "BfJ5NZOzj3QuQ/WJTgTKi0qzGWrKsggcE5D36SundzIl": {
                "chainKey": {
                  "counter": 1
                },
                "chainType": 2,
                "messageKeys": {}
              },
              "BTfCZuiFecDt9OyCTASQ+IiVVDYhZU0Uoh7kWMLNIPU6": {
                "chainKey": {
                  "counter": 4
                },
                "chainType": 2,
                "messageKeys": {}
              },
              "Bcq0HRir9jr1wF1/b6bPa9j3MRBn9uSThZ/VFADpheVo": {
                "chainKey": {
                  "counter": 5
                },
                "chainType": 2,
                "messageKeys": {}
              },
              "BSu2WAmLky6pHuwwnmX3o7u7t5sbJQ0PpSQNVaEYSp9Z": {
                "chainKey": {
                  "counter": 1
                },
                "chainType": 2,
                "messageKeys": {}
              },
              "BX5Pcr8KUkB6iAFkymccK4dLCKey0dnNqXL0PDV6RIJZ": {
                "chainKey": {
                  "counter": 0
                },
                "chainType": 2,
                "messageKeys": {}
              },
              "BaQM4OsrIoxfb1ij6FdjbggeMFyuN9y8kML1m1cm2dgR": {
                "chainKey": {
                  "counter": 1
                },
                "chainType": 2,
                "messageKeys": {}
              },
              "BRsmh7Alncu7Fx/UdMiM0V+mVsqrRtApJ0cjQt/GObNk": {
                "chainKey": {
                  "counter": 0
                },
                "chainType": 2,
                "messageKeys": {}
              },
              "BQ5niTn1qwmh4ZTkkkSjXujuC4i7pSeeCGbJ4L/IHqFK": {
                "chainKey": {
                  "counter": 0
                },
                "chainType": 2,
                "messageKeys": {}
              },
              "BRxSm6qfz/+nqc/23sciJpbU/6sdKEbfuh/QPjLQsXoM": {
                "chainKey": {
                  "counter": 0
                },
                "chainType": 2,
                "messageKeys": {}
              },
              "BU+qobAWy7Ff4YpH7JdbXONjXDZs3j45D7fsgB4w8xlL": {
                "chainKey": {
                  "counter": 1
                },
                "chainType": 2,
                "messageKeys": {}
              },
              "BTQtNPJSmLLzcObj/bye7Zenep0y91lxM294vlUK+wtc": {
                "chainKey": {
                  "counter": 0
                },
                "chainType": 2,
                "messageKeys": {}
              },
              "BYengMT/ARubbdapTGwIVPta0a3Bcqc7jfZtTYrRocZL": {
                "chainKey": {
                  "counter": 4
                },
                "chainType": 2,
                "messageKeys": {}
              },
              "Bc4W1gZJ77etY2//I2pn7dSOBm8CWuV/WMeiwry9YRt0": {
                "chainKey": {
                  "counter": 0
                },
                "chainType": 2,
                "messageKeys": {}
              },
              "BUamI6wPSa4xwr3EVm7TrxI1W7eK3L+lRVVcSil7YFt3": {
                "chainKey": {
                  "counter": 0
                },
                "chainType": 2,
                "messageKeys": {}
              },
              "BbxWk4i0insXYatGHIq5ujA0BUY7sltpjp0e/t5N2xg6": {
                "chainKey": {
                  "counter": 0
                },
                "chainType": 2,
                "messageKeys": {}
              },
              "BZyybpFvQO+GsOFqJwUWMY0E2ZrtqGNi35XeHZFO08tt": {
                "chainKey": {
                  "counter": 0
                },
                "chainType": 2,
                "messageKeys": {}
              },
              "BfgMHueNTY+aYYO1fQtFXdcTKisJq4CT/Ydb0KPZlAom": {
                "chainKey": {
                  "counter": 1
                },
                "chainType": 2,
                "messageKeys": {}
              },
              "BSYGlBw9WFULM2omgoDailX8UgBDGi1o4GPVAlEBWnte": {
                "chainKey": {
                  "counter": 0
                },
                "chainType": 2,
                "messageKeys": {}
              },
              "BaznMF+cZ0X4wwMWMWknyHm4l4JzB4Atk0Asz1gl/Y14": {
                "chainKey": {
                  "counter": 0
                },
                "chainType": 2,
                "messageKeys": {}
              },
              "BVUDSot7z2po2+tNSnp6VDHf0xZloRcUigSGAMgpfk0Y": {
                "chainKey": {
                  "counter": 0
                },
                "chainType": 2,
                "messageKeys": {}
              },
              "Bb71FxZ/wqh6NzUxbBjbdPmxnQDXX4lsAK/iKieFLeFJ": {
                "chainKey": {
                  "counter": 0
                },
                "chainType": 2,
                "messageKeys": {}
              },
              "BV0PbjLvTefmafn7VhjhEjQV1lpJreY8OGw2GzlP49oa": {
                "chainKey": {
                  "counter": 0
                },
                "chainType": 2,
                "messageKeys": {}
              },
              "BezpFXdYQHsTD6P556jvIotPDNsPmgHnRm8pvQuLaW4H": {
                "chainKey": {
                  "counter": 0
                },
                "chainType": 2,
                "messageKeys": {}
              },
              "BYFnIIZur3n2LGtwnP2Z+fyCPwRoSATaRi+bGKRHXvsU": {
                "chainKey": {
                  "counter": 0
                },
                "chainType": 2,
                "messageKeys": {}
              },
              "BbsykuuPrLxJSSvpJQDvo5W5+TMiSepqNqGLJTR4pHkP": {
                "chainKey": {
                  "counter": 2
                },
                "chainType": 2,
                "messageKeys": {}
              },
              "BbjqRwOyT6q+H1T7vLzetI0ZdRqcqxkQsc+Y8Gxx0utk": {
                "chainKey": {
                  "counter": 0
                },
                "chainType": 2,
                "messageKeys": {}
              },
              "BeblKsyS9Ih8/U3W5F2TUdxhDbmvYsferTadkfwsbHAi": {
                "chainKey": {
                  "counter": 5
                },
                "chainType": 2,
                "messageKeys": {}
              },
              "BczatwheyyQjIhhpPylyLbslAEPcvtkhvbE9FZ6aD7Vy": {
                "chainKey": {
                  "counter": 1
                },
                "chainType": 2,
                "messageKeys": {}
              },
              "BfjS4i9sh1gmiOExwm04n19r8EsqRuMZSTVz50quE1l4": {
                "chainKey": {
                  "counter": 1
                },
                "chainType": 2,
                "messageKeys": {}
              },
              "Bd/6tw1mzI91NFD0h+K8/jF9FjyVbv2XPepYHiKGSHAq": {
                "chainKey": {
                  "counter": 0
                },
                "chainType": 2,
                "messageKeys": {}
              },
              "Bf5/Lkp1+klFyQPfNMLzgYmvmMI0QfTsv34o5tl4EHBK": {
                "chainKey": {
                  "counter": 3
                },
                "chainType": 2,
                "messageKeys": {}
              },
              "BZRQqtKXJ3xjuT37QKUBsY4N1VHHU+71HmO9b7DgkMt1": {
                "chainKey": {
                  "counter": 0
                },
                "chainType": 2,
                "messageKeys": {}
              },
              "BacpRDZ+oxPzWu1urYD88m1ik30+NCmCbpsrRXNHe+Yn": {
                "chainKey": {
                  "counter": 0
                },
                "chainType": 2,
                "messageKeys": {}
              },
              "BTasGBhoYG5ynMV5129WdL2Ij37mGYnOwfRA7Ywdsh0t": {
                "chainKey": {
                  "counter": 1
                },
                "chainType": 2,
                "messageKeys": {}
              },
              "BZIC9iVQCcuvHLcRosmlKYZyRCVsHckR5uAXtDm4p8oo": {
                "chainKey": {
                  "counter": 0,
                  "key": "HnJ+k1P9PoLK4ze9Kq2a4GFqyO07EIjTWs71So1cRfU="
                },
                "chainType": 2,
                "messageKeys": {}
              },
              "BdijnKU0IGsHVSEb63zb/YMtzu1dVM6Atb0U766IIP4n": {
                "chainKey": {
                  "counter": 1,
                  "key": "3GvzlKCXlDMEu5qT0WZ3+tYLjGFPd2rrZPB+bbKb9w0="
                },
                "chainType": 1,
                "messageKeys": {}
              }
            }
          }
        },
        "version": "v1"
      },
      "6283173888147:30.0": {
        "_sessions": {
          "BfPQjUvAC3BvumIEC9L3RDQZPLiFRpEbqg2iuNtiKtEk": {
            "registrationId": 2857,
            "currentRatchet": {
              "ephemeralKeyPair": {
                "pubKey": "Bf38SpO2vlNpjVfMa6OZn37KKUP1+dwiPQirNPVPs2Ev",
                "privKey": "mPS4glgfgRpPfYtbehbZKDmBMxV2nBQJvezTgZZKWm4="
              },
              "lastRemoteEphemeralKey": "BWZQbGmxiC+tPKKFunx0L5csRmL54kZ5U9kqMS758AZN",
              "previousCounter": 0,
              "rootKey": "OdpiaN/dHNtBJ1MACmS2x/v8GbIivFw7c4xba/Z5XSk="
            },
            "indexInfo": {
              "baseKey": "BfPQjUvAC3BvumIEC9L3RDQZPLiFRpEbqg2iuNtiKtEk",
              "baseKeyType": 1,
              "closed": -1,
              "used": 1671025130373,
              "created": 1671025130373,
              "remoteIdentityKey": "BXmLdrSgWPnhdyXTiR/SLMY+jDdzvKtLfYNOWphB/6JQ"
            },
            "_chains": {
              "Bf38SpO2vlNpjVfMa6OZn37KKUP1+dwiPQirNPVPs2Ev": {
                "chainKey": {
                  "counter": 57,
                  "key": "CACLQBBebFiKbZN4xxTeqkoPSt+mmYy3axHg8qjLv8I="
                },
                "chainType": 1,
                "messageKeys": {}
              }
            },
            "pendingPreKey": {
              "signedKeyId": 1,
              "baseKey": "BfPQjUvAC3BvumIEC9L3RDQZPLiFRpEbqg2iuNtiKtEk",
              "preKeyId": 652
            }
          }
        },
        "version": "v1"
      },
      "6283173888147:31.0": {
        "_sessions": {
          "BTkqrg9357IT86bsIaEm1YBC8RsGREaQPwcRUw6nsbIW": {
            "registrationId": 50,
            "currentRatchet": {
              "ephemeralKeyPair": {
                "pubKey": "BVpsvRUWXXrg0nWIwPGr9zqvuLiK5Lvil3msZUvlr10c",
                "privKey": "YKF4CqED1LItz7FaEu8XeiX5LMHaCBadsDSbAG/TK1M="
              },
              "lastRemoteEphemeralKey": "BWPEMH6VcWvhFCqLO0tWe5NClea2NwjEFbf1Cq1sxQ0x",
              "previousCounter": 0,
              "rootKey": "+8ARMiccrU2xRmIyDpHpIq5cny5sYYk5mmfBX9CgCdg="
            },
            "indexInfo": {
              "baseKey": "BTkqrg9357IT86bsIaEm1YBC8RsGREaQPwcRUw6nsbIW",
              "baseKeyType": 1,
              "closed": -1,
              "used": 1671025130377,
              "created": 1671025130377,
              "remoteIdentityKey": "BU4Fk54lEQZ3JR6Cqj+1V9AEYnuW1MCC6Qgiobv9CuIK"
            },
            "_chains": {
              "BVpsvRUWXXrg0nWIwPGr9zqvuLiK5Lvil3msZUvlr10c": {
                "chainKey": {
                  "counter": 57,
                  "key": "yxotdT4Kt7DzJs4/O3SlqDQ/EiSmg+ngi8mmmS2Bu/4="
                },
                "chainType": 1,
                "messageKeys": {}
              }
            },
            "pendingPreKey": {
              "signedKeyId": 1,
              "baseKey": "BTkqrg9357IT86bsIaEm1YBC8RsGREaQPwcRUw6nsbIW"
            }
          }
        },
        "version": "v1"
      },
      "6283173888147:32.0": {
        "_sessions": {
          "BVhszhB4L5COWbS3oz0meD1pqyxZmSp6eg8XTMIjpiIu": {
            "registrationId": 38,
            "currentRatchet": {
              "ephemeralKeyPair": {
                "pubKey": "BXTIoKZLtI8dyjBzoetlcqfCAbBVkW3cFSYuAn7DVWs9",
                "privKey": "MKTDYxdD4gE12oftG1ADZ+bM0pnq/FloYjVJQuz4IFE="
              },
              "lastRemoteEphemeralKey": "BWcv2YIJXNKXIkJpd2skwFlYhJk1XqTDN/mpL6XtgbQO",
              "previousCounter": 0,
              "rootKey": "+ogdz+7RC6S2iY6LAON8LoqpWMgHYEfk5WNydfavIRE="
            },
            "indexInfo": {
              "baseKey": "BVhszhB4L5COWbS3oz0meD1pqyxZmSp6eg8XTMIjpiIu",
              "baseKeyType": 1,
              "closed": -1,
              "used": 1671025130381,
              "created": 1671025130381,
              "remoteIdentityKey": "Bc4ymmRRMEnW+GWL8vLnjIF71E0wrUTQI+VWGpXtMLhe"
            },
            "_chains": {
              "BXTIoKZLtI8dyjBzoetlcqfCAbBVkW3cFSYuAn7DVWs9": {
                "chainKey": {
                  "counter": 57,
                  "key": "LsE3H8FjqYaC1tfSEj5WcibRBmvzMyG3SlT4th4+hjw="
                },
                "chainType": 1,
                "messageKeys": {}
              }
            },
            "pendingPreKey": {
              "signedKeyId": 1,
              "baseKey": "BVhszhB4L5COWbS3oz0meD1pqyxZmSp6eg8XTMIjpiIu",
              "preKeyId": 74
            }
          }
        },
        "version": "v1"
      },
      "6285161478147.0": {
        "_sessions": {
          "BaYWaQK23p3ZT27g6tP1LEkhP3vF3p3l6QBZUK4hLLhR": {
            "registrationId": 2051030266,
            "currentRatchet": {
              "ephemeralKeyPair": {
                "pubKey": "BZmJD7ARwpCuFez+USda8pJKR6Zia6AXdHPsfuRMQ5tL",
                "privKey": "+H1LzP51tMO7OZ/5tXyoD1Q+XbLD0MxGzVh3HKvjBXg="
              },
              "lastRemoteEphemeralKey": "BdUplKTVJhJ2y89Q9fdT5wHPSvQyWoI/QYunXTkZfFxv",
              "previousCounter": 0,
              "rootKey": "Nnpb4i0haIRVKPR6aoYU8MunrGITrcc3BQhfshGXb20="
            },
            "indexInfo": {
              "baseKey": "BaYWaQK23p3ZT27g6tP1LEkhP3vF3p3l6QBZUK4hLLhR",
              "baseKeyType": 2,
              "closed": 1671066418749,
              "used": 1671066417838,
              "created": 1671066417838,
              "remoteIdentityKey": "BdUZSaLzRuSFgvcuWwY2THAC4qIULvL4TihMBOcL0Exm"
            },
            "_chains": {
              "BdUplKTVJhJ2y89Q9fdT5wHPSvQyWoI/QYunXTkZfFxv": {
                "chainKey": {
                  "counter": 0,
                  "key": "Zc8MbvywZMwtmR/K2pprXh3msN6J9R0urrwvG/v4aDQ="
                },
                "chainType": 2,
                "messageKeys": {}
              },
              "BZmJD7ARwpCuFez+USda8pJKR6Zia6AXdHPsfuRMQ5tL": {
                "chainKey": {
                  "counter": -1,
                  "key": "usiRxPJO4JwOYGbsfxBEUE1+PClzSKR67qZNNQ7iZRA="
                },
                "chainType": 1,
                "messageKeys": {}
              }
            }
          },
          "BSdoJg+Bho+Kz7OMQvsRGiILAOn7k9NiiphxdFgUjBJv": {
            "registrationId": 2051030266,
            "currentRatchet": {
              "ephemeralKeyPair": {
                "pubKey": "Bc0INR2UYrXKRlZiqH6M+kUeyZLliXqU0gzEsH6CMa8s",
                "privKey": "uOYN1tciluAM59vCQYDcR4RGwYeIWtNVdwxrTJejZks="
              },
              "lastRemoteEphemeralKey": "BXNAPAGLvnSwe2QQ555OpPfAg8jRdYTh+PUxrSVxiax3",
              "previousCounter": 0,
              "rootKey": "9XIPZ/Yp7dfj5ps+ciSaPxN97fAvWVDQvmxJ46QcFGE="
            },
            "indexInfo": {
              "baseKey": "BSdoJg+Bho+Kz7OMQvsRGiILAOn7k9NiiphxdFgUjBJv",
              "baseKeyType": 2,
              "closed": -1,
              "used": 1671085980150,
              "created": 1671066418754,
              "remoteIdentityKey": "BdUZSaLzRuSFgvcuWwY2THAC4qIULvL4TihMBOcL0Exm"
            },
            "_chains": {
              "BW0vlpr/eKeuvCf100MWWpdzHHmZ5kjkE525az8z1YNl": {
                "chainKey": {
                  "counter": 4
                },
                "chainType": 2,
                "messageKeys": {}
              },
              "BdRs3d7nBLhNDcCubNE5KI3v4/UpG2vfGVdUo2PiIXAH": {
                "chainKey": {
                  "counter": 0
                },
                "chainType": 2,
                "messageKeys": {}
              },
              "BZfH+0TBXXXaYE4NcNVTHA6xvPtNbmAxf4Jec+T3thRG": {
                "chainKey": {
                  "counter": 1
                },
                "chainType": 2,
                "messageKeys": {}
              },
              "BaMAvWj7L1elaTSYR1wfeiMNuZB3Tp6fWlnJS0LZFhIi": {
                "chainKey": {
                  "counter": 0
                },
                "chainType": 2,
                "messageKeys": {}
              },
              "BcH1YcyCZ1O6CHQFwEqfKEEzLWZI38SGx9+YypVmK65p": {
                "chainKey": {
                  "counter": 0
                },
                "chainType": 2,
                "messageKeys": {}
              },
              "BWd9qgh8VHmgekdQgzruN8yJpHKLEdfqvW7WScBYivQQ": {
                "chainKey": {
                  "counter": 0
                },
                "chainType": 2,
                "messageKeys": {}
              },
              "BfU/qQ+lZmpjGzSbLhE1nLEyDW/XvJZYBPbb259jzUQb": {
                "chainKey": {
                  "counter": 0
                },
                "chainType": 2,
                "messageKeys": {}
              },
              "Bds0edtZazICkgIBKjHMU9VAVHABsat4Py2ZDV6NSiJ3": {
                "chainKey": {
                  "counter": 1
                },
                "chainType": 2,
                "messageKeys": {}
              },
              "Bd8zEj6ZJPDChWg5OLG45UjdeHfB/RmzKJYEDxn41cZp": {
                "chainKey": {
                  "counter": 0
                },
                "chainType": 2,
                "messageKeys": {}
              },
              "Bfy1uhSF6WXRUhcp+0JjHo5vdhAFbsnDawDawKbpSA1N": {
                "chainKey": {
                  "counter": 2
                },
                "chainType": 2,
                "messageKeys": {}
              },
              "BbEYX36yxdRsxLevIFG2HYX1UtKrFNt8GhCLYSF16kZ4": {
                "chainKey": {
                  "counter": 0
                },
                "chainType": 2,
                "messageKeys": {}
              },
              "BVR7hdpZOr3OeOOxUGpS8TeAI4gxsrCyWawNwrgBlTZh": {
                "chainKey": {
                  "counter": 0
                },
                "chainType": 2,
                "messageKeys": {}
              },
              "BVNMbp9+glLtuKGVEogrtz1dh9KwT5W2mby9gWZRntxo": {
                "chainKey": {
                  "counter": 0
                },
                "chainType": 2,
                "messageKeys": {}
              },
              "BR6Qtoyf2Zbcbh9zNRD59ql7K8eDOcxNs/AP9b43cgZM": {
                "chainKey": {
                  "counter": 0
                },
                "chainType": 2,
                "messageKeys": {}
              },
              "Bd+FfEvBwwV6UWLqQJroImcmLe9RQpwH8HVqYqJAealS": {
                "chainKey": {
                  "counter": 1
                },
                "chainType": 2,
                "messageKeys": {}
              },
              "Bd0CGA+q+rIB1VRuJZQtJp4rYIPba4n29GF3e1HWIGw0": {
                "chainKey": {
                  "counter": 1
                },
                "chainType": 2,
                "messageKeys": {}
              },
              "BRsvZE5PCx/iuX0gIKAqzFUltiAzBLEVUjHL1o+3z+kl": {
                "chainKey": {
                  "counter": 1
                },
                "chainType": 2,
                "messageKeys": {}
              },
              "BeHdmdvZveEpdVLNsDQguiQP1uW49jFzFX4xtcJtsrtv": {
                "chainKey": {
                  "counter": 0
                },
                "chainType": 2,
                "messageKeys": {}
              },
              "Bfmts7lsxCtbpojYrNpJVJsTKheCPgPiYeUTfMa95vtZ": {
                "chainKey": {
                  "counter": 0
                },
                "chainType": 2,
                "messageKeys": {}
              },
              "BXNAPAGLvnSwe2QQ555OpPfAg8jRdYTh+PUxrSVxiax3": {
                "chainKey": {
                  "counter": 0,
                  "key": "P2bEK8c7zff48PwVAo2NhfZ8renvDa78nBDivD4Lvpo="
                },
                "chainType": 2,
                "messageKeys": {}
              },
              "Bc0INR2UYrXKRlZiqH6M+kUeyZLliXqU0gzEsH6CMa8s": {
                "chainKey": {
                  "counter": 0,
                  "key": "rliIm7s4nwDWTvIg4SvvD7imfDyAkC5KO0Ig78sRe7o="
                },
                "chainType": 1,
                "messageKeys": {}
              }
            }
          }
        },
        "version": "v1"
      },
      "6285161478147:13.0": {
        "_sessions": {
          "BSVA9YEpuHGYxPKtWRmdKCiuq9IjPMFszjAYYs5qTtFH": {
            "registrationId": 57,
            "currentRatchet": {
              "ephemeralKeyPair": {
                "pubKey": "BVCBzcRQo9aHmi3uAAatw1XbU2Im8qiHql6/+6DdK5pi",
                "privKey": "YOc3lDoNcJy+ay2nJiYGrziW8/xVfws3slx/Gvr39kU="
              },
              "lastRemoteEphemeralKey": "BcEZmxYJXB7H5xBLAPBtOVZ3PtDQsTBy4KsqWnETF3c8",
              "previousCounter": 0,
              "rootKey": "06QP5UVch4kNBKzp6nn3PlZKMlZNdpADl79k8xXLU4Y="
            },
            "indexInfo": {
              "baseKey": "BSVA9YEpuHGYxPKtWRmdKCiuq9IjPMFszjAYYs5qTtFH",
              "baseKeyType": 1,
              "closed": -1,
              "used": 1671066588899,
              "created": 1671066588899,
              "remoteIdentityKey": "BcLYHQ+9g0TYhWsJRE/WBvH9gxNlAM3fIOEJSgRmSl9I"
            },
            "_chains": {
              "BVCBzcRQo9aHmi3uAAatw1XbU2Im8qiHql6/+6DdK5pi": {
                "chainKey": {
                  "counter": 110,
                  "key": "m/ubvZt318Riog42I2w2K41DNBAyXA+pM8XWSh+bJ+c="
                },
                "chainType": 1,
                "messageKeys": {}
              }
            },
            "pendingPreKey": {
              "signedKeyId": 1,
              "baseKey": "BSVA9YEpuHGYxPKtWRmdKCiuq9IjPMFszjAYYs5qTtFH"
            }
          }
        },
        "version": "v1"
      },
      "6285161478147:16.0": {
        "_sessions": {
          "Ba+OsgAu89KXvodKiN4VQmpWJGiN/Bq5VWmg49YOyj13": {
            "registrationId": 170,
            "currentRatchet": {
              "ephemeralKeyPair": {
                "pubKey": "BTS6mEf+JXjXAG3f8jKqKZwhf/5xWbq/NTP9v5qQzc1Z",
                "privKey": "MMd17j/sjc4j+mc13ACHXlRnJdTsJL/rbTsgNX9amHs="
              },
              "lastRemoteEphemeralKey": "BRUFy/BK9tpjocAhMFd1RgzWBhI5oZXb2SCRcYMZUOZ4",
              "previousCounter": 0,
              "rootKey": "1ahXuZe2/ytAKPPyBCNpAnP4ooNp6cA+c1j8DHRM4kE="
            },
            "indexInfo": {
              "baseKey": "Ba+OsgAu89KXvodKiN4VQmpWJGiN/Bq5VWmg49YOyj13",
              "baseKeyType": 1,
              "closed": -1,
              "used": 1671066588921,
              "created": 1671066588921,
              "remoteIdentityKey": "BSVJ/Sd/v+d7o20vIA2IKOYv/WUtLjo5YGxRQ3bg5SBz"
            },
            "_chains": {
              "BTS6mEf+JXjXAG3f8jKqKZwhf/5xWbq/NTP9v5qQzc1Z": {
                "chainKey": {
                  "counter": 110,
                  "key": "ClL/kme8uDvFmxjer6gSM4EMpgv64tFAPfyL3pZMqkU="
                },
                "chainType": 1,
                "messageKeys": {}
              }
            },
            "pendingPreKey": {
              "signedKeyId": 1,
              "baseKey": "Ba+OsgAu89KXvodKiN4VQmpWJGiN/Bq5VWmg49YOyj13"
            }
          }
        },
        "version": "v1"
      },
      "6285161478147:17.0": {
        "_sessions": {
          "Bdx5biD/46tcE81OoA8lc8SVgllH2ZUmaUeiXYBpgLdf": {
            "registrationId": 137,
            "currentRatchet": {
              "ephemeralKeyPair": {
                "pubKey": "BWpYlyDPaNjgfQy/Vj1tLOxBQtQ6YGHcbVRhPMXIj9kJ",
                "privKey": "cC2W8f+T4RjoT8YMe1KX5UWenToR1fHNkaLy5IMhzEM="
              },
              "lastRemoteEphemeralKey": "BUAXeRlld3TVTQKuC3iUdv+CiGgDgWi9rN4mEPBVKyAQ",
              "previousCounter": 0,
              "rootKey": "8MP2FUU0rvoKSzDXCV/CJarXM1GcVsLxWy7bU/mdn9w="
            },
            "indexInfo": {
              "baseKey": "Bdx5biD/46tcE81OoA8lc8SVgllH2ZUmaUeiXYBpgLdf",
              "baseKeyType": 1,
              "closed": -1,
              "used": 1671066588927,
              "created": 1671066588927,
              "remoteIdentityKey": "BUmxKb/6cbyHDe/y9iBTuYBEBDL3MyBUcN71kOntQx5u"
            },
            "_chains": {
              "BWpYlyDPaNjgfQy/Vj1tLOxBQtQ6YGHcbVRhPMXIj9kJ": {
                "chainKey": {
                  "counter": 110,
                  "key": "59912Qzc+ggUPhj4jCmirYdBYnhIMT1JbuNzn7GZXt0="
                },
                "chainType": 1,
                "messageKeys": {}
              }
            },
            "pendingPreKey": {
              "signedKeyId": 1,
              "baseKey": "Bdx5biD/46tcE81OoA8lc8SVgllH2ZUmaUeiXYBpgLdf"
            }
          }
        },
        "version": "v1"
      },
      "6285161478147:18.0": {
        "_sessions": {
          "BVL2rRNZ2b1obvsGG1fpukKOafAcErSuD179wocrMeE8": {
            "registrationId": 46,
            "currentRatchet": {
              "ephemeralKeyPair": {
                "pubKey": "BXJxI28LmwvJVc9m6Vu2UL1AmXhK6APjYc6QiBGZntxc",
                "privKey": "ELJ443KZZ8sI2mmWvEUFqVgq2LeGuxuXaPju3N4GPV8="
              },
              "lastRemoteEphemeralKey": "BUQShZiH4grckYmH+ojFPF0q26N0NX/JQ2pBPWjXiQEN",
              "previousCounter": 0,
              "rootKey": "0JcSgx0WAOTLkjf9ktF267ebYTFxgtPpvWyioRlmNDA="
            },
            "indexInfo": {
              "baseKey": "BVL2rRNZ2b1obvsGG1fpukKOafAcErSuD179wocrMeE8",
              "baseKeyType": 1,
              "closed": -1,
              "used": 1671066588934,
              "created": 1671066588934,
              "remoteIdentityKey": "BSIA3QTZnObnpcg8jVYJUdYW4WpCuECSfEGwRPXOTfga"
            },
            "_chains": {
              "BXJxI28LmwvJVc9m6Vu2UL1AmXhK6APjYc6QiBGZntxc": {
                "chainKey": {
                  "counter": 110,
                  "key": "SrugBkYcJVpVTk5PucJY0RtWAOS8h6qGZV5bzUKq6xw="
                },
                "chainType": 1,
                "messageKeys": {}
              }
            },
            "pendingPreKey": {
              "signedKeyId": 1,
              "baseKey": "BVL2rRNZ2b1obvsGG1fpukKOafAcErSuD179wocrMeE8",
              "preKeyId": 234
            }
          }
        },
        "version": "v1"
      }
    },
    "appStateVersions": {
      "critical_block": null,
      "regular": null,
      "critical_unblock_low": null,
      "regular_low": null
    },
    "senderKeys": {
      "120363028758920679@g.us::6283173888147::0": [
        {
          "senderKeyId": 192387216,
          "senderChainKey": {
            "iteration": 97,
            "seed": "IhhWICXtAaZHVvxPMMbMQh6kXA9F1K6gkk3fVIjtEOA="
          },
          "senderSigningKey": {
            "public": "BYa0/NtTjJ1L64BfZB17TjHwX6MLub8yR8hX7Eca6Jc8"
          },
          "senderMessageKeys": []
        }
      ],
      "120363028758920679@g.us::6287883984267:9::0": [
        {
          "senderKeyId": 1925598843,
          "senderChainKey": {
            "iteration": 19,
            "seed": "m1r+gqcfF8r8OVYcLfd2UeIObUhu6FDB8/xLvOd2jQ8="
          },
          "senderSigningKey": {
            "public": "BVZRoDEq1nHOzc6Ogu5S/6NnrDVuYgTH0oz8HvogmMJK",
            "private": "uN09cB2p/+LoUqZJpvuZpNoXN28yDfivcPldcvwSq1k="
          },
          "senderMessageKeys": []
        }
      ]
    },
    "senderKeyMemory": {
      "120363028758920679@g.us": {
        "6287883984267@s.whatsapp.net": true,
        "6283173888147@s.whatsapp.net": true,
        "6283173888147:30@s.whatsapp.net": true,
        "6283173888147:31@s.whatsapp.net": true,
        "6283173888147:32@s.whatsapp.net": true
      }
    }
  }
}